timestamp;IAE;ISE;ITAE;RMSE;Kp;Kd;traj_len;dt_mean;dt_max;dt_min
2026-01-08 16:46:39;12,175067;42,690023;1139,753075;1,722338;150,150,150,30,30,30;30,30,30,6,6,6;437;0.05946677702444571;0.2221357822418213;0.0
2026-01-08 16:48:18;13,013912;82,660027;719,836485;2,381717;100,150,150,30,30,30;30,30,30,6,6,6;443;0.059720791602621275;0.18764352798461914;0.0
2026-01-08 16:49:30;10,316807;55,799477;910,561878;1,959982;150,150,150,80,30,30;30,30,30,6,6,6;442;0.04284757936702055;0.10304021835327148;0.0
2026-01-08 16:50:32;15,403445;94,462998;1114,255231;2,557866;150,150,150,80,80,80;30,30,30,6,6,6;440;0.05048240601808767;2.5107028484344482;0.0
2026-01-08 16:51:45;9,951733;54,732501;734,498951;1,950550;150,150,150,80,30,30;30,30,30,36,6,6;437;0.048600355784098305;0.1303548812866211;0.0
2026-01-08 16:52:39;10,490971;67,611725;582,230548;2,030384;150,150,150,80,30,30;30,30,30,36,36,36;441;0.055785137920056356;2.3365495204925537;0.0
2026-01-08 16:53:51;18,650483;122,866402;1363,946077;2,915369;100,150,150,100,30,30;30,30,30,36,36,36;440;0.057593346588195315;2.384899616241455;0.0
2026-01-08 16:55:35;14,680797;83,156591;851,332748;2,393581;100,150,100,50,30,30;30,30,30,36,36,36;441;0.07405327540363757;2.451641321182251;0.0
2026-01-08 16:56:45;13,833406;77,751518;922,155765;2,321044;100,150,100,50,30,30;50,50,30,36,36,36;437;0.06141499543594102;2.459890842437744;0.0
2026-01-08 16:57:55;23,905296;152,295336;1820,314881;3,248608;200,150,100,50,30,30;50,50,30,36,36,36;439;0.06329321965380007;2.411079168319702;0.0
2026-01-08 16:59:00;13,159757;76,965401;1181,901852;2,205779;80,150,100,50,30,30;50,50,30,36,36,36;437;0.04793552545622396;2.4242208003997803;0.0
2026-01-08 17:00:00;9,549946;53,594293;657,266133;1,934513;80,100,100,50,30,30;50,50,30,36,36,36;436;0.04838196757666591;0.1182715892791748;0.0
2026-01-08 17:01:04;12,584034;81,571349;1077,530207;2,371441;80,100,80,50,30,30;50,50,30,36,36,36;441;0.04132434928959066;0.4290428161621094;0.0
2026-01-08 17:02:03;12,225155;69,326512;615,447178;2,196645;80,100,120,50,30,30;50,50,30,36,36,36;438;0.06062215716898942;3.2209572792053223;0.0
2026-01-08 17:02:53;26,979057;209,993116;2252,778975;3,813458;80,100,100,50,30,30;50,50,30,36,36,36;439;0.04703582881332992;0.12411785125732422;0.0
2026-01-08 17:03:32;10,627622;56,565314;775,351403;1,980904;80,100,100,50,30,30;50,50,30,36,36,36;438;0.045047798632089964;0.1360011100769043;0.0
2026-01-08 17:04:25;15,916019;82,985539;741,818467;2,404116;80,100,100,80,30,30;50,50,30,36,36,36;438;0.06467534715284681;3.3567543029785156;0.0
2026-01-08 17:05:10;11,875203;87,771728;839,451405;2,470850;80,100,100,80,30,30;50,50,30,36,36,36;438;0.04451018571853638;0.10526061058044434;0.0
2026-01-08 17:06:08;19,735935;138,286248;1621,855298;3,113697;80,100,100,60,30,30;50,50,30,36,36,36;435;0.05869754904606303;3.3597419261932373;0.0
2026-01-08 17:07:04;13,521608;71,088692;1607,286327;2,216848;80,100,100,50,50,30;50,50,30,36,36,36;440;0.04007019720024826;0.10906600952148438;0.0
2026-01-08 17:09:21;9,650115;35,798704;784,263404;1,573224;80,100,100,50,30,30;100,50,30,36,36,36;439;0.050573194483846735;0.13364434242248535;0.0
2026-01-08 17:10:13;15,603283;78,818381;1138,618801;2,330099;80,100,100,50,30,30;100,100,30,36,36,36;440;0.06177474482584808;2.7768876552581787;0.0
2026-01-08 17:11:11;10,344577;55,009782;867,312886;1,949510;80,100,100,50,30,30;100,50,50,36,36,36;440;0.04551574727958273;0.14823365211486816;0.0
2026-01-08 17:13:30;17,744913;97,788830;2027,274254;2,601341;80,100,100,50,30,30;100,20,30,36,36,36;440;0.038331275894528345;0.10753130912780762;0.0
2026-01-08 17:14:35;19,001036;121,578246;1339,775067;2,894124;80,100,100,50,30,30;100,80,30,36,36,36;441;0.055613615130650176;0.875462532043457;0.0
2026-01-08 17:15:32;32,223287;170,831065;3099,145775;3,444246;80,100,100,50,30,30;100,50,30,36,36,36;436;0.05691909039114404;3.07321834564209;0.0
2026-01-08 17:17:00;19,641026;102,876802;1943,209979;2,668744;8,10,10,5,3,3;10,5,3,3,3,3;439;0.0424839212747613;0.14512395858764648;0.0
2026-01-08 17:18:08;33,553667;188,429121;3070,254228;3,606317;8,10,10,5,3,3;10,5,3,3,3,3;440;0.047816486735092964;0.19155216217041016;0.0
2026-01-08 17:19:20;16,214571;101,901896;975,803527;2,651431;80,100,100,50,30,30;100,50,30,36,36,26;440;0.05290185754949396;1.313342571258545;0.0
2026-01-08 17:20:20;19,635906;178,111810;754,237876;3,529820;80,100,100,50,30,30;100,50,30,36,36,36;436;0.06839768659500849;2.969951868057251;0.0
2026-01-08 17:28:25;12,251898;61,632687;1054,587338;2,063679;80,100,100,50,30,30;100,50,30,36,36,36;440;0.05007593385104475;2.6170804500579834;0.0
2026-01-08 17:29:20;10,381648;49,935166;902,375347;1,860819;80,100,100,50,30,20;100,50,30,36,36,36;439;0.04132119178771973;0.10738277435302734;0.0
2026-01-08 17:30:31;26,896552;123,933623;2992,973545;2,931809;80,100,100,40,30,20;100,50,30,36,36,36;439;0.04342900310550724;0.543755054473877;0.0
2026-01-08 17:31:10;11,461912;56,527853;1124,698315;1,974428;80,100,100,40,30,20;100,50,30,36,36,36;440;0.04016732049910403;0.39588260650634766;0.0
2026-01-08 17:32:09;10,924293;62,208176;923,793275;2,073546;80,100,950,50,30,20;100,50,30,36,36,36;440;0.046522148144550815;0.10870480537414551;0.0
2026-01-08 17:33:07;16,431684;82,223147;1028,932199;2,384054;80,100,95,50,30,20;100,50,30,36,36,36;439;0.062087766125670865;2.6992979049682617;0.0
2026-01-08 17:34:01;13,929807;60,022156;1498,694861;2,034607;80,100,100,50,30,20;100,50,30,36,36,30;441;0.039187608060811084;0.3651745319366455;0.0
2026-01-08 17:35:12;9,970604;34,616631;1472,711736;1,548418;80,100,100,50,30,20;95,50,30,36,36,36;439;0.042716091009719535;0.09708571434020996;0.0
2026-01-08 17:36:12;15,316370;96,711334;1042,185725;2,582362;80,100,100,50,30,20;90,50,30,36,36,36;440;0.0582430009841919;0.46804356575012207;0.0
2026-01-08 17:37:04;23,137967;109,167928;1524,181931;2,756589;80,100,100,50,30,20;90,50,30,36,36,36;438;0.06442377716302872;2.33862566947937;0.0
2026-01-08 17:37:53;13,521793;59,820186;1475,522738;2,037877;80,100,100,50,30,20;95,45,30,36,36,36;438;0.04274271649016431;0.664013147354126;0.0
2026-01-08 17:39:19;35,629128;703,422240;4349,610254;6,702489;80,100,100,50,30,20;45,45,30,36,36,36;440;0.05380850050547351;2.7448337078094482;0.0
2026-01-08 17:46:03;12,622502;77,220328;891,823435;2,302165;80,100,100,50,30,20;45,45,30,36,36,36;441;0.05298173168431158;0.19743084907531738;0.0
2026-01-08 17:47:29;11,243219;22,306502;1377,490869;1,147072;80,100,100,50,30,20;35,35,30,36,36,36;439;0.05232447624206543;2.869478702545166;0.0
2026-01-08 17:48:45;12,221259;37,416149;1275,387308;1,604775;90,80,100,50,30,20;35,35,30,36,36,36;439;0.052450677473768054;2.7834620475769043;0.0
2026-01-08 17:49:55;9,533500;9,521016;1195,449807;0,808873;90,80,100,50,30,20;35,35,30,36,36,36;439;0.05253425090433025;2.5082802772521973;0.0
2026-01-08 17:51:18;12,564567;27,241679;1744,823444;1,376033;90,80,80,50,30,20;35,35,30,36,36,36;437;0.039416954165599385;0.10186910629272461;0.0
2026-01-08 17:52:27;10,945646;45,995418;855,369770;1,781508;90,80,100,50,30,20;35,35,30,36,36,36;439;0.05510402087009314;0.8870923519134521;0.0
2026-01-08 17:54:36;17,034738;107,648562;777,418091;2,729512;90,80,100,50,30,20;35,35,30,36,36,36;439;0.0722450866034968;2.615496873855591;0.0
2026-01-08 18:02:08;15,804590;25,639886;1476,196931;1,335362;90,80,100,50,30,20;35,35,30,36,36,36;438;0.07261942738863691;2.5987775325775146;0.0
2026-01-08 18:02:56;7,292041;6,119690;583,455200;0,647105;90,80,100,50,30,20;35,35,30,36,36,36;439;0.06495282607795917;0.19078469276428223;0.0
2026-01-08 18:04:05;5,347687;2,666089;551,581128;0,428082;90,80,100,50,30,20;35,35,30,36,36,36;440;0.059625382326087176;0.12879014015197754;0.0
2026-01-08 18:07:06;6,952240;4,976264;758,014808;0,585974;60,80,100,50,30,20;35,35,30,36,36,36;439;0.05270045822945194;0.15189218521118164;0.0
2026-01-08 18:08:21;8,179528;5,803479;981,895815;0,608446;120,80,100,50,30,20;35,35,30,36,36,36;439;0.05350276483159487;1.9899017810821533;0.0
2026-01-08 18:09:19;7,456781;5,117237;1029,501257;0,593843;95,80,100,50,30,20;35,35,30,36,36,36;440;0.04437559915751946;0.4505321979522705;0.0
2026-01-08 18:10:13;6,399620;4,306212;675,519623;0,546690;85,80,100,50,30,20;35,35,30,36,36,36;436;0.051828367308476495;0.3344841003417969;0.0
2026-01-08 18:11:13;6,735631;4,495496;868,662948;0,556009;80,80,100,50,30,20;35,35,30,36,36,36;441;0.04721315624644455;0.11508059501647949;0.0
2026-01-08 18:12:18;7,597663;6,049303;645,810883;0,645570;85,80,90,50,30,20;35,35,30,36,36,36;440;0.06394293329171967;2.6263279914855957;0.0
2026-01-08 18:12:57;6,680494;4,834970;759,231543;0,579614;85,80,90,50,30,20;35,35,30,36,36,36;436;0.0496269902822488;0.4231758117675781;0.0
2026-01-08 18:14:09;9,284689;8,095264;1217,781497;0,751021;85,80,110,50,30,20;35,35,30,36,36,36;436;0.04349240291514786;0.8320326805114746;0.0
2026-01-08 18:14:59;6,803811;4,608218;812,729409;0,563620;85,80,100,50,30,20;40,35,30,36,36,36;440;0.04900814788510101;0.5577905178070068;0.0
2026-01-08 18:15:55;6,707508;5,087727;763,408257;0,595287;85,80,100,50,30,20;30,35,30,36,36,36;436;0.0512759295222598;0.6915364265441895;0.0
2026-01-08 18:16:55;8,308894;7,791674;780,080786;0,734066;85,80,100,50,30,40;35,35,30,36,36,36;437;0.06101163595664401;3.4087796211242676;0.0
2026-01-08 18:17:43;6,425723;4,306530;708,543038;0,545589;85,80,100,50,20,20;35,35,30,36,36,36;438;0.05076352366200694;0.4504270553588867;0.0
2026-01-08 18:18:51;6,045816;3,651644;701,502661;0,499822;85,80,100,30,20,20;35,35,30,36,36,36;442;0.0533465896953236;0.45983362197875977;0.0
2026-01-08 18:19:39;6,591999;4,408039;787,695167;0,552991;85,80,100,20,20,20;35,35,30,36,36,36;436;0.04853469733423835;0.38689541816711426;0.0
2026-01-08 18:20:36;11,386388;12,267445;1183,246917;0,920594;85,80,50,30,20,20;35,35,30,36,36,36;439;0.06006213357625914;2.988558530807495;0.0
2026-01-08 18:22:16;7,106854;4,756150;739,102052;0,558317;85,70,100,30,20,20;35,35,30,36,36,36;437;0.05823613391629643;2.3750574588775635;0.0
2026-01-08 18:23:07;7,348113;6,164927;847,786656;0,650756;85,80,100,30,20,20;35,35,30,26,36,36;441;0.04773009758369595;0.10752177238464355;0.0
2026-01-08 18:23:54;6,510048;4,464095;750,992930;0,555715;85,80,100,30,20,20;35,35,30,46,36,36;438;0.05126023629528895;0.4496786594390869;0.0
2026-01-08 18:24:50;8,024031;6,938320;1026,647769;0,692789;85,80,100,30,20,20;35,35,30,36,36,36;440;0.05560048877964531;2.2001991271972656;0.0
2026-01-08 18:25:25;9,508941;9,558615;1022,518732;0,779259;85,80,100,30,20,20;35,35,30,36,36,36;441;0.05335925720833443;2.660754442214966;0.0
2026-01-08 18:26:16;8,450385;6,975960;1238,342268;0,693043;85,80,100,30,20,20;35,35,30,36,36,36;441;0.04246763237711292;0.5317285060882568;0.0
2026-01-08 18:26:58;6,240810;3,632269;743,322436;0,500616;85,80,100,30,20,20;35,35,30,36,36,36;439;0.049977082157462736;0.41603946685791016;0.0
2026-01-08 18:28:22;11,942940;12,182332;1743,068352;0,916511;85,80,100,30,20,20;25,35,30,36,36,36;440;0.046633122059015125;2.9072887897491455;0.0
2026-01-08 18:29:23;10,151496;9,857728;1591,218048;0,824174;85,80,100,30,20,20;45,35,30,36,36,36;440;0.037021404610942034;0.09539198875427246;0.0
2026-01-08 18:30:20;7,533456;5,581116;997,280838;0,622465;85,80,100,30,20,20;39,35,30,36,36,36;438;0.04529638499675499;0.11248183250427246;0.0
2026-01-08 18:31:06;9,747665;9,292326;1487,476241;0,800257;85,80,100,30,20,20;35,35,30,36,36,36;441;0.03739674354886641;0.09671425819396973;0.0
2026-01-08 18:40:40;7,922012;4,497156;1439,930819;0,464271;85,80,100,30,20,20;35,35,30,36,36,36;437;0.04774342171133381;0.11197328567504883;0.0
2026-01-08 18:42:39;9,116819;5,596024;1674,612062;0,519240;85,80,105,30,20,20;35,35,30,36,36,36;436;0.0476053852238426;0.11005830764770508;0.0
2026-01-08 18:45:23;12,195083;8,800075;2185,716331;0,596078;85,80,100,30,20,20;35,35,30,36,36,36;443;0.05590834703531351;2.8392086029052734;0.0
2026-01-08 18:46:10;10,910383;10,311349;1803,589914;0,763014;85,80,100,30,20,20;35,35,30,36,36,36;441;0.040161664129921754;0.10760235786437988;0.0
2026-01-08 18:47:11;10,819674;9,907975;1787,978314;0,755645;85,80,100,30,20,20;35,35,30,36,36,46;436;0.03979809278754402;0.13085675239562988;0.0
2026-01-08 18:50:36;9,586875;5,666169;1706,926972;0,458029;85,80,100,30,20,20;35,35,30,36,36,46;437;0.061804775233682434;2.80181622505188;0.0
2026-01-08 18:51:28;9,519750;6,533508;1677,385975;0,566584;85,80,100,30,20,20;35,35,30,36,46,46;436;0.046680108906202514;0.10611200332641602;0.0
2026-01-08 18:52:32;10,173214;9,674266;1666,566297;0,767280;85,80,100,30,20,20;35,45,30,36,46,46;438;0.03751773388890851;0.10546636581420898;0.0
2026-01-08 18:53:33;11,501855;8,914249;1861,231585;0,630537;85,80,100,30,20,20;35,35,30,36,36,36;439;0.05107388875701211;2.514186382293701;0.0
2026-01-08 18:54:42;11,218100;8,295990;1924,450715;0,594121;85,80,100,30,20,20;35,35,50,36,36,36;437;0.05378204883505765;2.5361392498016357;0.0
2026-01-08 18:55:51;10,252260;6,932342;1797,888863;0,551454;85,80,100,30,20,20;35,35,10,36,36,36;439;0.05192745653065768;2.073267936706543;0.0
2026-01-08 18:56:53;13,305208;12,965448;2294,206067;0,821435;85,80,100,30,20,20;35,15,10,36,36,36;437;0.04397033828578583;2.3399078845977783;0.0
2026-01-08 18:58:02;12,956848;8,956324;2267,178744;0,586983;85,80,100,30,20,20;15,35,10,36,36,36;436;0.05962007651339952;2.41019606590271;0.0
2026-01-08 18:59:29;10,990035;8,851645;1873,581434;0,642177;85,80,100,30,20,20;55,35,10,36,36,36;438;0.04900499465525286;0.10899972915649414;0.0
2026-01-08 19:00:56;10,896841;9,986066;1874,648760;0,768565;85,80,100,30,20,20;35,35,10,36,36,36;437;0.03868580354403143;0.1041405200958252;0.0
2026-01-08 19:01:54;10,902056;10,165173;1862,384294;0,780869;85,80,100,30,30,20;35,35,10,36,36,36;439;0.03797464533285661;0.09187507629394531;0.0
2026-01-08 19:09:17;21,987140;96,461623;3273,798500;1,891609;85,80,100,50,20,20;35,35,10,36,36,36;443;0.060853833013826665;3.2898943424224854;0.0
2026-01-08 19:10:25;12,209311;29,157713;1827,944598;1,348095;85,80,80,30,20,20;35,35,10,36,36,36;438;0.03663014442339573;0.10109305381774902;0.0
2026-01-08 19:11:32;17,487496;68,767364;2362,392731;1,760008;85,80,100,30,20,20;35,35,10,36,36,36;438;0.050684967453767604;3.3914270401000977;0.0
2026-01-08 19:14:04;18,196486;75,002907;2487,357084;1,890301;55,50,50,30,20,20;35,35,10,36,36,36;439;0.04781362035057762;0.12547945976257324;0.0
2026-01-08 19:15:39;25,577099;103,844166;3714,992726;1,908990;85,80,100,30,20,20;35,45,10,36,36,36;439;0.06490980169989846;2.4705421924591064;0.0
2026-01-08 19:19:40;22,687838;92,379939;3271,137103;1,835872;85,80,100,30,20,20;35,45,10,36,36,36;440;0.06229316134031127;3.590456962585449;0.0
2026-01-08 19:25:52;20,254827;62,326966;3105,645243;1,415815;85,80,100,30,20,20;35,35,40,36,36,36;437;0.07115108182985488;3.396336078643799;0.0
2026-01-08 19:30:24;15,525715;86,523628;2179,436872;2,181271;85,80,100,30,20,20;35,35,40,36,46,46;438;0.04151848128281856;0.10119485855102539;0.0
2026-01-09 10:22:19;8,220507;4,754252;1427,776058;0,446008;85,80,100,30,20,20;35,35,40,36,46,46;440;0.054318071222629674;2.213958740234375;0.0
2026-01-09 10:23:50;8,439522;6,497884;1506,597891;0,571664;95,90,100,30,20,20;35,35,40,36,46,46;437;0.04549976625398958;0.10790777206420898;0.0
2026-01-09 10:25:08;10,542752;7,562514;1808,150803;0,590321;85,80,100,30,20,20;25,35,40,36,46,46;443;0.04898765119346413;2.240196704864502;0.0
2026-01-09 10:26:01;8,364894;5,156919;1633,768946;0,512064;85,80,100,30,20,20;55,35,40,36,46,46;436;0.04510818302494983;0.25217676162719727;0.0
2026-01-09 10:26:57;10,693238;6,922643;2007,493040;0,542123;85,80,100,30,20,20;55,35,40,36,46,46;440;0.053533217263600184;2.814445972442627;0.0
2026-01-09 10:27:58;8,202322;5,194013;1709,565144;0,534524;85,80,100,30,20,20;35,35,40,36,46,46;437;0.04159937764955982;0.10812616348266602;0.0
2026-01-09 10:29:04;9,763898;8,299247;1523,742982;0,640261;85,80,100,30,20,20;38,35,40,36,46,46;441;0.04590781349941616;0.39240264892578125;0.0
2026-01-09 10:30:54;9,586038;8,011231;1531,174245;0,673534;85,80,100,30,20,20;35,35,35,36,46,46;436;0.04050355263105519;0.10366106033325195;0.0
2026-01-09 10:32:10;11,471097;8,959237;2090,994376;0,636991;85,80,100,30,20,20;35,35,40,36,46,46;443;0.04984256705722293;2.903926134109497;0.0
2026-01-09 10:33:07;9,243422;7,122281;1611,388493;0,604921;85,80,100,30,20,20;35,35,40,36,46,46;442;0.044035150558092796;0.3481259346008301;0.0
2026-01-09 10:39:23;11,906496;9,441221;2211,841271;0,675615;85,80,100,30,20,20;35,35,40,36,46,46;440;0.04700850034787271;2.8877546787261963;0.0
2026-01-09 10:40:13;12,307187;10,435947;2098,576251;0,691524;85,80,100,30,20,20;35,35,40,36,46,46;439;0.049711058898405595;0.10922694206237793;0.0
2026-01-09 10:40:59;12,618796;11,372525;2195,829567;0,754498;85,80,100,30,20,20;35,35,40,36,46,46;438;0.04561066030098257;3.2466516494750977;0.0
2026-01-09 10:41:47;12,906742;11,396288;2253,616625;0,722114;85,80,100,30,20,20;35,35,40,36,46,46;439;0.04978379011154175;2.6403627395629883;0.0
2026-01-09 10:42:44;12,848626;11,785294;2267,133073;0,760807;85,80,100,30,20,20;35,35,40,36,46,46;441;0.046169283702902124;3.0180959701538086;0.0
2026-01-09 10:45:23;12,743216;9,582332;2249,058477;0,633443;85,80,100,30,20,20;35,35,40,36,46,46;440;0.05427543916940149;3.1881086826324463;0.0
2026-01-09 10:46:50;13,222264;11,438806;2264,614438;0,729986;85,80,100,30,20,20;35,35,40,36,46,46;436;0.049234044906476544;3.162266969680786;0.0
2026-01-09 10:49:13;30,997362;80,032598;4240,869582;1,797718;85,80,100,30,20,20;35,35,40,36,46,46;440;0.05628223592191597;3.3315341472625732;0.0
2026-01-09 10:51:24;15,124518;17,924054;2365,137495;0,922030;85,80,100,30,20,20;35,35,40,36,46,46;437;0.04824639836402789;0.10765314102172852;0.0
2026-01-09 10:52:56;17,156312;22,449415;2668,341343;1,017255;85,80,100,30,20,20;35,35,40,36,46,46;441;0.04919340653656835;3.3773415088653564;0.0
2026-01-09 10:54:18;11,169741;10,080212;1968,058972;0,755827;85,80,100,30,20,20;35,35,40,36,46,46;439;0.0401939489624717;0.719362735748291;0.0
2026-01-09 10:58:20;17,012438;14,272737;2886,233012;0,690054;85,80,100,30,20,20;35,35,40,36,36,46;437;0.06858973252718852;3.6523849964141846;0.0
2026-01-09 11:02:32;18,943618;17,316954;3178,648945;0,743673;85,80,100,30,20,20;35,35,40,36,46,46;434;0.07214698133797481;2.962270975112915;0.0
2026-01-09 11:05:23;17,940001;14,731128;3076,143296;0,679684;85,80,100,30,20,20;35,35,40,36,46,46;438;0.07280267561215203;3.13877272605896;0.0
2026-01-09 11:08:48;16,931425;11,694805;3297,772742;0,615917;85,80,100,30,20,20;35,35,40,36,46,46;437;0.07054506534855115;3.2254514694213867;0.0
2026-01-09 11:09:41;11,291666;9,559267;1969,146164;0,714633;85,80,100,30,20,20;35,35,40,36,46,46;437;0.04283286610694781;0.10819029808044434;0.0
2026-01-09 11:12:20;18,531056;15,767005;3137,184410;0,692997;85,80,100,30,20,20;35,35,40,36,46,46;438;0.07495697158344243;3.159672737121582;0.0
2026-01-09 11:27:38;20,849182;21,024434;3641,869722;0,847867;85,80,100,30,20,20;35,35,40,36,46,46;438;0.0667720964759778;3.338515281677246;0.0
2026-01-09 11:28:35;24,436652;24,439148;4224,506917;0,855528;85,80,100,30,20,20;35,35,40,36,46,46;442;0.07554325005337861;0.5477423667907715;0.0
2026-01-09 11:50:07;0,000000;0,000000;0,000000;nan;85,80,100,30,20,20;35,35,40,36,46,46;0;0.033;0.033;0.033
2026-01-09 11:50:48;10,598623;11,343460;1819,779289;0,883872;85,80,100,30,20,20;35,35,40,36,46,46;440;0.033;0.033;0.033
2026-01-09 11:56:07;10,955495;12,228622;1853,486864;0,918755;85,80,100,30,20,20;35,35,40,36,46,46;439;0.033;0.033;0.033
2026-01-09 11:57:26;10,306096;10,409390;1801,222638;0,847663;85,80,100,30,20,20;35,35,40,36,46,46;439;0.033;0.033;0.033
2026-01-09 11:59:10;10,346107;10,637917;1775,220059;0,857895;85,80,100,30,20,20;35,35,40,36,46,46;438;0.033;0.033;0.033
2026-01-09 12:00:39;12,167677;15,343291;1913,405402;1,029130;85,90,100,30,20,20;35,35,40,36,46,46;439;0.033;0.033;0.033
2026-01-09 12:01:47;11,570834;13,241044;1969,079342;0,957122;85,70,100,30,20,20;35,35,40,36,46,46;438;0.033;0.033;0.033
2026-01-09 12:02:58;11,984140;15,504686;1911,587717;1,038081;85,80,100,30,20,20;35,35,40,36,46,46;436;0.033;0.033;0.033
2026-01-09 12:03:44;10,361185;10,695846;1776,694771;0,857297;85,80,100,30,20,20;35,35,40,36,46,46;441;0.033;0.033;0.033
2026-01-09 12:05:42;11,150268;12,490111;1866,415934;0,929585;85,80,100,30,20,20;25,35,40,36,46,46;438;0.033;0.033;0.033
2026-01-09 12:07:24;12,602945;16,430744;2034,204284;1,063764;85,80,90,30,20,20;45,35,40,36,46,46;440;0.033;0.033;0.033
2026-01-09 12:08:35;11,475943;13,301379;1869,417645;0,958206;85,80,100,30,20,20;45,35,40,36,46,46;439;0.033;0.033;0.033
2026-01-09 12:10:06;12,994195;17,667723;2020,569407;1,103080;85,80,100,30,20,20;45,35,40,36,46,46;440;0.033;0.033;0.033
2026-01-09 16:46:39;10,033689;9,851108;1748,074995;0,822747;85,80,100,30,20,20;35,35,40,36,46,46;441;0.033;0.033;0.033
2026-01-09 16:48:06;10,029751;9,979607;1722,621790;0,832830;85,80,100,30,20,20;35,35,40,36,26,46;436;0.033;0.033;0.033
2026-01-09 16:49:12;10,466857;10,943075;1765,174461;0,871108;85,80,100,30,20,20;35,35,40,36,26,26;437;0.033;0.033;0.033
2026-01-09 16:50:04;10,220949;10,297508;1736,363181;0,843096;85,80,100,30,20,20;35,35,40,36,56,56;439;0.033;0.033;0.033
2026-01-09 16:50:55;12,261627;14,893067;1951,216902;1,016236;85,80,30,30,20,20;35,35,40,36,56,56;437;0.033;0.033;0.033
2026-01-09 16:51:55;10,120029;9,909748;1719,912006;0,828013;85,80,100,30,30,30;35,35,40,36,46,46;438;0.033;0.033;0.033
2026-01-09 16:52:49;10,082773;10,115936;1687,322700;0,835630;85,80,100,50,50,50;35,35,40,36,46,46;439;0.033;0.033;0.033
2026-01-09 16:53:53;10,685321;12,335570;1695,693112;0,920669;85,80,100,80,80,80;35,35,40,36,46,46;441;0.033;0.033;0.033
2026-01-09 16:54:57;10,996780;12,143962;1798,785345;0,912456;85,80,100,80,80,80;25,25,20,36,46,46;442;0.033;0.033;0.033
2026-01-09 16:56:41;11,190687;12,332998;1843,123570;0,920573;85,80,100,80,80,80;25,25,20,36,26,26;441;0.033;0.033;0.033
2026-01-09 16:57:48;11,221219;12,540967;1885,641642;0,930414;105,100,100,80,80,80;25,25,20,36,26,26;439;0.033;0.033;0.033
2026-01-09 16:59:14;10,659710;10,865388;1848,144660;0,866031;105,100,100,80,80,80;35,35,40,36,26,26;439;0.033;0.033;0.033
2026-01-09 17:00:27;10,207952;10,189130;1694,582149;0,839604;105,100,100,100,80,80;35,35,40,36,26,26;438;0.033;0.033;0.033
2026-01-09 17:01:45;11,294442;14,111369;1733,335663;0,985828;105,100,110,100,90,90;35,35,40,36,26,26;440;0.033;0.033;0.033
2026-01-09 17:02:47;9,602819;8,847475;1664,091252;0,780596;125,100,110,100,90,90;35,35,40,36,26,26;440;0.033;0.033;0.033
2026-01-09 17:03:55;11,370960;13,148860;1835,058385;0,953784;135,100,110,100,90,90;35,35,40,36,26,26;438;0.033;0.033;0.033
2026-01-09 17:05:06;10,440810;10,373772;1770,424241;0,849118;125,120,110,100,90,90;35,35,40,36,26,26;436;0.033;0.033;0.033
2026-01-09 17:06:13;10,762655;10,496102;1914,390169;0,850219;125,120,110,100,90,90;15,35,40,36,26,26;440;0.033;0.033;0.033
2026-01-09 17:07:08;10,128859;11,739492;1596,211785;0,900193;125,120,110,100,90,90;55,35,40,36,26,26;439;0.033;0.033;0.033
2026-01-09 17:08:12;10,196472;10,443954;1670,830510;0,849070;125,120,110,100,90,90;65,35,40,36,26,26;439;0.033;0.033;0.033
2026-01-09 17:09:27;10,793261;14,163727;1589,755210;0,992176;125,120,110,100,90,90;55,55,40,36,26,26;436;0.033;0.033;0.033
2026-01-09 17:13:34;8,595370;7,314590;1474,883221;0,713009;125,120,110,100,90,90;55,55,40,40,26,26;436;0.033;0.033;0.033
2026-01-09 17:14:43;11,180886;15,433326;1636,960335;1,034504;125,120,110,100,90,90;55,55,40,45,26,26;437;0.033;0.033;0.033
2026-01-09 17:15:46;9,729394;9,755547;1619,028302;0,821546;125,120,110,100,90,90;55,55,40,40,30,26;438;0.033;0.033;0.033
2026-01-09 17:17:05;9,688709;9,629023;1576,262908;0,815271;125,120,110,100,95,90;55,55,40,40,26,26;439;0.033;0.033;0.033
2026-01-09 17:18:17;9,288452;8,434892;1544,277031;0,762178;125,120,110,100,80,90;55,55,40,40,26,26;440;0.033;0.033;0.033
2026-01-09 17:19:22;11,245632;13,642937;1754,069841;0,969328;125,120,110,100,40,90;55,55,40,40,26,26;440;0.033;0.033;0.033
2026-01-09 17:20:18;9,236029;8,850303;1520,328855;0,783396;125,120,110,100,110,90;55,55,40,40,26,26;437;0.033;0.033;0.033
2026-01-09 17:21:26;9,640366;9,133244;1630,814624;0,794911;125,120,110,100,110,110;55,55,40,40,26,26;438;0.033;0.033;0.033
2026-01-09 17:22:52;12,723517;19,778855;1778,368297;1,169786;125,120,110,100,110,90;55,55,40,40,6,26;438;0.033;0.033;0.033
2026-01-09 17:23:59;9,343804;8,595553;1526,291295;0,770278;125,120,110,100,110,90;55,55,40,40,46,26;439;0.033;0.033;0.033
2026-01-09 17:25:03;9,581977;9,033286;1549,894881;0,788750;125,120,110,100,110,90;55,55,40,40,46,46;440;0.033;0.033;0.033
2026-01-09 17:26:11;9,523532;8,745286;1583,597913;0,776958;125,120,110,100,110,90;55,55,40,40,46,36;439;0.033;0.033;0.033
2026-01-09 17:27:21;10,517083;12,662070;1619,507646;0,932773;125,120,110,100,110,90;55,55,40,40,46,20;441;0.033;0.033;0.033
2026-01-09 17:28:39;9,859771;9,820001;1571,695105;0,821447;125,120,110,100,110,90;55,55,40,40,46,26;441;0.033;0.033;0.033
2026-01-09 17:29:42;9,672645;9,138949;1566,036854;0,796068;125,120,110,100,110,90;45,55,40,40,46,26;437;0.033;0.033;0.033
2026-01-09 17:31:22;9,887569;11,400039;1493,158418;0,887082;125,120,110,100,110,90;85,55,40,40,46,26;439;0.033;0.033;0.033
2026-01-09 17:32:43;16,193947;33,587746;2171,868800;1,526134;125,120,110,100,110,90;85,85,40,40,46,26;437;0.033;0.033;0.033
2026-01-09 17:33:36;9,798973;9,110072;1655,682379;0,791197;125,120,110,100,110,90;85,45,40,40,46,26;441;0.033;0.033;0.033
2026-01-09 17:35:15;10,169166;10,011433;1677,129393;0,827541;125,120,110,100,110,90;85,35,40,40,46,26;443;0.033;0.033;0.033
2026-01-09 17:36:19;9,512630;8,995711;1546,914644;0,789805;125,100,110,100,110,90;85,55,40,40,46,26;437;0.033;0.033;0.033
2026-01-09 17:37:35;10,352960;11,021474;1651,272686;0,868282;105,100,110,100,110,90;85,55,40,40,46,26;443;0.033;0.033;0.033
2026-01-09 17:38:37;9,661679;10,657931;1470,331163;0,861658;135,100,110,100,110,90;85,55,40,40,46,26;435;0.033;0.033;0.033
2026-01-09 17:39:42;9,706122;9,379345;1543,043670;0,800991;155,100,110,100,110,90;85,55,40,40,46,26;443;0.033;0.033;0.033
2026-01-09 17:40:46;8,998356;8,213229;1517,208173;0,752953;155,140,110,100,110,90;85,55,40,40,46,26;439;0.033;0.033;0.033
2026-01-09 17:42:18;9,601323;10,692613;1457,988942;0,857167;155,150,110,100,110,90;85,55,40,40,46,26;441;0.033;0.033;0.033
2026-01-09 17:43:42;10,120984;10,222842;1663,927519;0,839078;155,150,110,150,110,90;85,55,40,40,46,26;440;0.033;0.033;0.033
2026-01-09 17:45:12;9,740941;9,922964;1595,327258;0,825742;155,150,150,100,110,90;85,55,40,40,46,26;441;0.033;0.033;0.033
2026-01-09 17:46:36;8,088136;6,585332;1382,871653;0,676532;155,150,115,100,110,90;85,55,40,40,46,26;436;0.033;0.033;0.033
2026-01-09 17:47:38;9,035996;8,205231;1463,868175;0,750878;155,150,120,100,110,90;85,55,40,40,46,26;441;0.033;0.033;0.033
2026-01-09 17:48:42;8,245721;7,235117;1339,677807;0,707504;160,150,115,100,110,90;85,55,40,40,46,26;438;0.033;0.033;0.033
2026-01-09 17:49:54;7,898873;6,338515;1337,422979;0,662216;155,150,115,110,110,90;85,55,40,40,46,26;438;0.033;0.033;0.033
2026-01-09 17:51:05;8,866964;7,616830;1491,476456;0,721819;155,150,115,120,110,90;85,55,40,40,46,26;443;0.033;0.033;0.033
2026-01-09 17:52:03;8,790621;7,785321;1413,303775;0,733076;155,150,115,115,110,90;85,55,40,40,46,26;439;0.033;0.033;0.033
2026-01-09 17:53:15;9,263828;8,702558;1474,774971;0,775942;155,150,115,110,110,90;85,55,40,40,46,26;438;0.033;0.033;0.033
2026-01-09 17:54:15;9,400528;9,430222;1457,046676;0,805893;155,150,115,110,110,110;85,55,40,40,46,26;440;0.033;0.033;0.033
2026-01-09 17:55:35;9,477726;9,272988;1482,816533;0,800056;155,150,115,110,115,90;85,55,40,40,46,26;439;0.033;0.033;0.033
2026-01-09 17:56:33;8,801282;7,757353;1417,554975;0,733431;155,150,115,110,100,90;85,55,40,40,46,26;437;0.033;0.033;0.033
2026-01-09 18:22:00;8,753108;7,968355;1401,591024;0,742489;155,150,115,110,90,90;85,55,40,40,46,26;438;0.033;0.033;0.033
2026-01-09 18:23:05;9,322951;9,147670;1473,897040;0,794632;155,150,115,110,90,90;55,55,40,40,46,26;439;0.033;0.033;0.033
2026-01-09 18:24:02;8,272657;6,763236;1415,733424;0,681712;155,150,115,110,90,90;105,55,40,40,46,26;441;0.033;0.033;0.033
2026-01-09 18:25:02;8,611220;7,753690;1320,302850;0,734941;155,150,115,110,90,90;105,85,40,40,46,26;435;0.033;0.033;0.033
2026-01-09 18:26:08;9,276433;8,448598;1502,404772;0,769828;155,150,115,110,90,90;105,35,40,40,46,26;432;0.033;0.033;0.033
2026-01-09 18:27:10;8,432262;7,239318;1369,465008;0,704500;155,150,115,110,90,90;105,55,60,40,46,26;442;0.033;0.033;0.033
2026-01-09 18:28:30;8,287174;6,874441;1356,866754;0,688858;155,150,115,110,90,90;105,55,80,40,46,26;439;0.033;0.033;0.033
2026-01-09 18:29:43;8,139199;6,386144;1334,258347;0,664699;155,150,115,110,90,90;105,55,90,40,46,26;438;0.033;0.033;0.033
2026-01-09 18:31:19;7,009802;4,858852;1223,247815;0,579132;155,150,115,110,90,90;105,55,100,40,46,26;439;0.033;0.033;0.033
2026-01-09 18:32:13;7,003140;4,862032;1224,396096;0,580646;155,150,115,110,90,90;105,55,100,40,46,26;437;0.033;0.033;0.033
2026-01-09 18:33:09;8,357658;6,924695;1351,740319;0,690585;155,150,115,110,90,90;105,55,110,80,46,26;440;0.033;0.033;0.033
2026-01-09 18:34:07;7,387457;5,081142;1253,374603;0,593585;155,150,115,110,90,90;105,55,110,50,46,26;437;0.033;0.033;0.033
2026-01-09 18:35:07;6,846561;4,720863;1188,343517;0,572810;155,150,115,110,90,90;105,55,110,40,66,26;436;0.033;0.033;0.033
2026-01-09 18:36:07;7,741998;5,994878;1319,254274;0,642550;155,150,115,110,90,90;105,55,110,40,86,26;440;0.033;0.033;0.033
2026-01-09 18:37:08;7,447047;5,263992;1262,028529;0,603481;155,150,115,110,90,90;105,55,110,40,66,46;438;0.033;0.033;0.033
2026-01-09 18:38:07;7,921767;6,370332;1349,818687;0,662366;155,150,115,110,90,90;105,55,110,40,66,26;440;0.033;0.033;0.033
2026-01-09 18:39:32;6,706061;4,434602;1182,932106;0,553271;155,150,115,110,90,90;105,55,110,40,66,26;439;0.033;0.033;0.033
2026-01-09 18:40:38;8,220312;6,499386;1375,467223;0,667526;156,150,115,110,90,90;105,55,110,40,66,26;442;0.033;0.033;0.033
2026-01-09 18:41:39;8,121074;6,720486;1370,752690;0,679554;154,150,115,110,90,90;105,55,110,40,66,26;441;0.033;0.033;0.033
2026-01-09 18:42:36;7,451411;5,106182;1256,664228;0,595046;155,155,115,110,90,90;105,55,110,40,66,26;437;0.033;0.033;0.033
2026-01-09 18:43:34;8,370752;6,352231;1480,864805;0,662177;155,145,115,110,90,90;105,55,110,40,66,26;439;0.033;0.033;0.033
2026-01-09 18:44:40;8,259339;6,515652;1371,738525;0,670640;155,150,120,110,90,90;105,55,110,40,66,26;439;0.033;0.033;0.033
2026-01-09 18:45:33;6,988421;4,914755;1222,871622;0,582454;155,150,120,110,90,90;105,55,110,40,66,26;439;0.033;0.033;0.033
2026-01-09 18:46:31;6,771081;4,572480;1186,220890;0,561806;155,150,115,115,90,90;105,55,110,40,66,26;439;0.033;0.033;0.033
2026-01-09 18:47:33;8,552668;6,885458;1438,738982;0,688625;155,150,115,125,90,90;105,55,110,40,66,26;440;0.033;0.033;0.033
2026-01-09 18:48:29;6,702305;4,388164;1174,234021;0,551625;155,150,115,120,90,90;105,55,110,40,66,26;437;0.033;0.033;0.033
2026-01-09 18:49:35;8,456173;6,735984;1432,343738;0,680337;155,150,115,120,95,90;105,55,110,40,66,26;441;0.033;0.033;0.033
2026-01-09 18:50:43;10,207737;10,777000;1747,231454;0,864473;155,150,115,120,85,90;105,55,110,40,66,26;437;0.033;0.033;0.033
2026-01-09 18:51:30;7,098162;4,830017;1244,773295;0,578070;155,150,115,120,85,90;105,55,110,40,66,26;438;0.033;0.033;0.033
2026-01-09 18:52:38;6,850182;4,647156;1220,350143;0,566375;155,150,115,120,90,95;105,55,110,40,66,26;439;0.033;0.033;0.033
2026-01-09 18:53:52;9,029830;8,115956;1501,102694;0,748481;155,150,115,120,90,90;105,55,110,40,66,26;439;0.033;0.033;0.033
2026-01-09 18:54:43;6,681448;4,473817;1171,644550;0,555080;155,150,115,120,90,90;105,55,110,40,66,26;440;0.033;0.033;0.033
2026-01-09 18:55:42;6,712951;4,506966;1183,670164;0,555871;155,150,115,120,90,90;110,55,110,40,66,26;442;0.033;0.033;0.033
2026-01-09 18:56:50;9,060089;7,974091;1553,097063;0,741067;155,150,115,120,90,90;115,55,110,40,66,26;440;0.033;0.033;0.033
2026-01-09 18:57:57;8,367356;6,907986;1373,237222;0,691324;155,150,115,120,90,90;105,60,110,40,66,26;438;0.033;0.033;0.033
2026-01-09 18:58:42;6,699589;4,373367;1184,311762;0,547570;155,150,115,120,90,90;105,60,110,40,66,26;442;0.033;0.033;0.033
2026-01-09 19:00:46;8,876233;8,263347;1431,694974;0,757840;155,150,115,120,90,90;105,60,110,50,66,26;436;0.033;0.033;0.033
2026-01-09 19:01:48;7,560377;5,497083;1443,029861;0,615995;155,150,115,120,90,90;105,60,110,30,66,26;439;0.033;0.033;0.033
2026-01-09 19:02:50;7,623940;5,788927;1415,284408;0,633580;155,150,115,120,90,90;105,60,110,40,70,26;437;0.033;0.033;0.033
2026-01-09 19:04:29;6,939109;5,045493;1179,940344;0,590824;155,150,115,120,90,90;105,60,110,40,56,26;438;0.033;0.033;0.033
2026-01-09 19:05:32;8,867992;9,708691;1509,148006;0,818637;155,150,115,120,90,90;105,60,110,40,56,26;439;0.033;0.033;0.033
2026-01-09 19:07:51;6,547634;4,173426;1169,394293;0,535513;155,150,115,120,90,90;105,60,110,40,66,26;441;0.033;0.033;0.033
2026-01-09 19:09:08;6,800924;4,871870;1160,098268;0,581233;155,150,115,120,90,90;105,60,110,40,66,36;437;0.033;0.033;0.033
2026-01-09 19:10:36;10,373844;12,259972;1884,021438;0,919932;155,150,115,120,90,90;105,60,110,40,66,46;439;0.033;0.033;0.033
2026-01-09 19:11:54;7,282764;5,445141;1229,796533;0,611686;155,150,115,120,90,90;105,60,110,40,66,46;441;0.033;0.033;0.033
2026-01-09 19:18:18;16,427910;32,936474;2133,675971;1,511266;155,150,115,120,90,90;105,60,110,40,66,46;437;0.033;0.033;0.033
2026-01-09 19:19:03;20,098094;39,543221;3082,105069;1,644664;155,150,115,120,90,90;105,60,110,40,66,46;443;0.033;0.033;0.033
2026-01-09 19:19:56;17,127894;34,317325;2277,749890;1,542620;155,150,115,120,90,90;105,60,110,40,66,46;437;0.033;0.033;0.033
2026-01-09 19:28:23;18,257164;34,671296;2693,391738;1,541761;155,150,115,120,90,90;105,60,110,40,66,26;442;0.033;0.033;0.033
2026-01-09 19:31:45;16,794624;32,996371;2267,919259;1,507474;155,150,115,120,90,90;105,60,110,40,66,26;440;0.033;0.033;0.033
2026-01-09 19:45:46;11,897466;19,723049;1632,756412;1,172156;155,150,115,120,90,90;105,60,110,40,66,26;435;0.033;0.033;0.033
2026-01-09 19:49:22;12,553211;22,626035;1592,277912;1,246889;155,150,115,120,90,90;105,60,110,40,66,26;441;0.033;0.033;0.033
2026-01-09 19:53:00;10,917835;16,400320;1484,753811;1,065202;155,150,115,120,90,90;105,60,110,40,66,26;438;0.033;0.033;0.033
2026-01-12 11:18:04;14,932105;28,700855;1941,150222;1,409138;155,150,115,120,90,90;105,60,110,40,66,26;438;0.033;0.033;0.033
2026-01-12 15:29:42;15,769297;28,742851;2264,213895;1,410168;155,150,115,120,90,90;105,60,110,40,66,26;438;0.033;0.033;0.033
2026-01-12 15:31:16;10,916097;13,709857;1727,983688;0,976149;155,150,115,120,90,90;105,60,110,40,66,26;436;0.033;0.033;0.033
2026-01-12 15:33:07;12,025187;20,718555;1546,247880;1,197252;155,150,115,120,90,90;105,60,110,40,66,26;438;0.033;0.033;0.033
